potc_analysis_threshold_reliability_loaded_2020_08_16_-_13_36_34,4400,283
potc_analysis_threshold_reliability_loaded_2020_08_16_-_13_36_34,3778,683
potc_analysis_threshold_reliability_loaded_2020_08_16_-_13_36_34,4228,457
potc_analysis_threshold_reliability_loaded_2020_08_16_-_13_36_34,4079,482
potc_analysis_threshold_reliability_loaded_2020_08_16_-_13_36_34,4284,302
potc_analysis_threshold_potc_loaded_2020_08_16_-_13_36_34,6356,288
potc_analysis_threshold_potc_loaded_2020_08_16_-_13_36_34,4580,151
potc_analysis_threshold_potc_loaded_2020_08_16_-_13_36_34,1083,539
potc_analysis_threshold_potc_loaded_2020_08_16_-_13_36_34,6276,7
potc_analysis_threshold_potc_loaded_2020_08_16_-_13_36_34,3024,22
potc_analysis_threshold_potc_loaded_2020_08_16_-_13_36_34,5902,1
potc_analysis_threshold_potc_loaded_2020_08_16_-_13_36_34,1059,349
potc_analysis_threshold_potc_loaded_2020_08_16_-_13_36_34,6372,5
potc_analysis_threshold_potc_loaded_2020_08_16_-_13_36_34,5664,1
potc_analysis_threshold_potc_loaded_2020_08_16_-_13_36_34,5435,1
potc_analysis_threshold_potc_loaded_2020_08_16_-_13_36_34,802,3
potc_analysis_threshold_potc_loaded_2020_08_16_-_13_36_34,5990,1
potc_analysis_threshold_potc_loaded_2020_08_16_-_13_36_34,6302,2
potc_analysis_threshold_potc_loaded_2020_08_16_-_13_36_34,3672,420
potc_analysis_threshold_potc_loaded_2020_08_16_-_13_36_34,3930,1
potc_analysis_threshold_potc_loaded_2020_08_16_-_13_36_34,1002,14
potc_analysis_threshold_potc_loaded_2020_08_16_-_13_36_34,2796,1
potc_analysis_threshold_potc_loaded_2020_08_16_-_13_36_34,3832,518
potc_analysis_threshold_potc_loaded_2020_08_16_-_13_36_34,5687,2
potc_analysis_threshold_potc_loaded_2020_08_16_-_13_36_34,6253,4
potc_analysis_threshold_potc_loaded_2020_08_16_-_13_36_34,3244,1
potc_analysis_threshold_potc_loaded_2020_08_16_-_13_36_34,2086,1
potc_analysis_threshold_reliability_unloaded_2020_08_16_-_13_36_34,1059,3719
potc_analysis_threshold_potc_unloaded_2020_08_16_-_13_36_34,6356,513
potc_analysis_threshold_potc_unloaded_2020_08_16_-_13_36_34,3755,1
potc_analysis_threshold_potc_unloaded_2020_08_16_-_13_36_34,1083,1086
potc_analysis_threshold_potc_unloaded_2020_08_16_-_13_36_34,802,1
potc_analysis_threshold_potc_unloaded_2020_08_16_-_13_36_34,4580,8
potc_analysis_threshold_potc_unloaded_2020_08_16_-_13_36_34,3024,336
potc_analysis_threshold_potc_unloaded_2020_08_16_-_13_36_34,6276,2
potc_analysis_threshold_potc_unloaded_2020_08_16_-_13_36_34,4108,1
potc_analysis_threshold_potc_unloaded_2020_08_16_-_13_36_34,1059,872
potc_analysis_threshold_potc_unloaded_2020_08_16_-_13_36_34,4793,1
potc_analysis_threshold_potc_unloaded_2020_08_16_-_13_36_34,3429,1
potc_analysis_threshold_potc_unloaded_2020_08_16_-_13_36_34,1002,3
potc_analysis_threshold_potc_unloaded_2020_08_16_-_13_36_34,6302,1
potc_analysis_threshold_potc_unloaded_2020_08_16_-_13_36_34,3832,695
potc_analysis_threshold_potc_unloaded_2020_08_16_-_13_36_34,6372,2
potc_analysis_threshold_potc_unloaded_2020_08_16_-_13_36_34,3672,666
potc_analysis_threshold_potc_unloaded_2020_08_16_-_13_36_34,6253,3
